land,tool
Active Volcano,Bananominer
Active Volcano,Dacalizer
Active Volcano,Waxtural Processor
Active Volcano,AI Excavator
Active Volcano,Lucky Drill
Active Volcano,Particle Beam Collider
Active Volcano,Quantum Drill
Active Volcano,Exlian Staff
Active Volcano,Nanominer
Active Volcano,Localised Attractor
Active Volcano,RD9000 Excavator
Active Volcano,Advanced TD
Active Volcano,Quark Separator
Active Volcano,Causian Attractor
Active Volcano,Barrel Digger
Active Volcano,Large Explosive
Active Volcano,Artunian Shovel
Active Volcano,Glavor Disc
Active Volcano,Processing Ring
Active Volcano,Large Capacitor
Active Volcano,Draxos Axe
Active Volcano,Power Saw
Active Volcano,ExoGloves
Active Volcano,Basic Trilium Detector
Active Volcano,Basic Explosive
Active Volcano,Infused Extractor
Active Volcano,Gasrigged Extractor
Active Volcano,Power Extractor
Active Volcano,Standard Drill
Methane Swampland,Bananominer
Methane Swampland,Dacalizer
Methane Swampland,Waxtural Processor
Methane Swampland,AI Excavator
Methane Swampland,Lucky Drill
Methane Swampland,Particle Beam Collider
Methane Swampland,Quantum Drill
Methane Swampland,Exlian Staff
Methane Swampland,Nanominer
Methane Swampland,Localised Attractor
Methane Swampland,RD9000 Excavator
Methane Swampland,Advanced TD
Methane Swampland,Quark Separator
Methane Swampland,Causian Attractor
Methane Swampland,Barrel Digger
Methane Swampland,Large Explosive
Methane Swampland,Artunian Shovel
Methane Swampland,Glavor Disc
Methane Swampland,Processing Ring
Methane Swampland,Large Capacitor
Methane Swampland,Draxos Axe
Methane Swampland,Power Saw
Methane Swampland,ExoGloves
Methane Swampland,Basic Trilium Detector
Methane Swampland,Basic Explosive
Methane Swampland,Infused Extractor
Methane Swampland,Gasrigged Extractor
Methane Swampland,Power Extractor
Methane Swampland,Standard Drill
Mountains,Bananominer
Mountains,Dacalizer
Mountains,Waxtural Processor
Mountains,AI Excavator
Mountains,Lucky Drill
Mountains,Particle Beam Collider
Mountains,Quantum Drill
Mountains,Exlian Staff
Mountains,Nanominer
Mountains,Localised Attractor
Mountains,RD9000 Excavator
Mountains,Advanced TD
Mountains,Quark Separator
Mountains,Causian Attractor
Mountains,Barrel Digger
Mountains,Large Explosive
Mountains,Artunian Shovel
Mountains,Glavor Disc
Mountains,Processing Ring
Mountains,Large Capacitor
Mountains,Draxos Axe
Mountains,Power Saw
Mountains,ExoGloves
Mountains,Basic Trilium Detector
Mountains,Basic Explosive
Mountains,Infused Extractor
Mountains,Gasrigged Extractor
Mountains,Power Extractor
Mountains,Standard Drill
Dormant Volcano,Bananominer
Dormant Volcano,Dacalizer
Dormant Volcano,Waxtural Processor
Dormant Volcano,AI Excavator
Dormant Volcano,Lucky Drill
Dormant Volcano,Particle Beam Collider
Dormant Volcano,Quantum Drill
Dormant Volcano,Exlian Staff
Dormant Volcano,Nanominer
Dormant Volcano,Localised Attractor
Dormant Volcano,RD9000 Excavator
Dormant Volcano,Advanced TD
Dormant Volcano,Quark Separator
Dormant Volcano,Causian Attractor
Dormant Volcano,Barrel Digger
Dormant Volcano,Large Explosive
Dormant Volcano,Artunian Shovel
Dormant Volcano,Glavor Disc
Dormant Volcano,Processing Ring
Dormant Volcano,Large Capacitor
Dormant Volcano,Draxos Axe
Dormant Volcano,Power Saw
Dormant Volcano,ExoGloves
Dormant Volcano,Basic Trilium Detector
Dormant Volcano,Basic Explosive
Dormant Volcano,Infused Extractor
Dormant Volcano,Gasrigged Extractor
Dormant Volcano,Power Extractor
Dormant Volcano,Standard Drill
Small Island,Bananominer
Small Island,Dacalizer
Small Island,Waxtural Processor
Small Island,AI Excavator
Small Island,Lucky Drill
Small Island,Particle Beam Collider
Small Island,Quantum Drill
Small Island,Exlian Staff
Small Island,Nanominer
Small Island,Localised Attractor
Small Island,RD9000 Excavator
Small Island,Advanced TD
Small Island,Quark Separator
Small Island,Causian Attractor
Small Island,Barrel Digger
Small Island,Large Explosive
Small Island,Artunian Shovel
Small Island,Glavor Disc
Small Island,Processing Ring
Small Island,Large Capacitor
Small Island,Draxos Axe
Small Island,Power Saw
Small Island,ExoGloves
Small Island,Basic Trilium Detector
Small Island,Basic Explosive
Small Island,Infused Extractor
Small Island,Gasrigged Extractor
Small Island,Power Extractor
Small Island,Standard Drill
Rocky Desert,Bananominer
Rocky Desert,Dacalizer
Rocky Desert,Waxtural Processor
Rocky Desert,AI Excavator
Rocky Desert,Lucky Drill
Rocky Desert,Particle Beam Collider
Rocky Desert,Quantum Drill
Rocky Desert,Exlian Staff
Rocky Desert,Nanominer
Rocky Desert,Localised Attractor
Rocky Desert,RD9000 Excavator
Rocky Desert,Advanced TD
Rocky Desert,Quark Separator
Rocky Desert,Causian Attractor
Rocky Desert,Barrel Digger
Rocky Desert,Large Explosive
Rocky Desert,Artunian Shovel
Rocky Desert,Glavor Disc
Rocky Desert,Processing Ring
Rocky Desert,Large Capacitor
Rocky Desert,Draxos Axe
Rocky Desert,Power Saw
Rocky Desert,ExoGloves
Rocky Desert,Basic Trilium Detector
Rocky Desert,Basic Explosive
Rocky Desert,Infused Extractor
Rocky Desert,Gasrigged Extractor
Rocky Desert,Power Extractor
Rocky Desert,Standard Drill
Rocky Coastline,Bananominer
Rocky Coastline,Dacalizer
Rocky Coastline,Waxtural Processor
Rocky Coastline,AI Excavator
Rocky Coastline,Lucky Drill
Rocky Coastline,Particle Beam Collider
Rocky Coastline,Quantum Drill
Rocky Coastline,Exlian Staff
Rocky Coastline,Nanominer
Rocky Coastline,Localised Attractor
Rocky Coastline,RD9000 Excavator
Rocky Coastline,Advanced TD
Rocky Coastline,Quark Separator
Rocky Coastline,Causian Attractor
Rocky Coastline,Barrel Digger
Rocky Coastline,Large Explosive
Rocky Coastline,Artunian Shovel
Rocky Coastline,Glavor Disc
Rocky Coastline,Processing Ring
Rocky Coastline,Large Capacitor
Rocky Coastline,Draxos Axe
Rocky Coastline,Power Saw
Rocky Coastline,ExoGloves
Rocky Coastline,Basic Trilium Detector
Rocky Coastline,Basic Explosive
Rocky Coastline,Infused Extractor
Rocky Coastline,Gasrigged Extractor
Rocky Coastline,Power Extractor
Rocky Coastline,Standard Drill
Mushroom Forest,Bananominer
Mushroom Forest,Dacalizer
Mushroom Forest,Waxtural Processor
Mushroom Forest,AI Excavator
Mushroom Forest,Lucky Drill
Mushroom Forest,Particle Beam Collider
Mushroom Forest,Quantum Drill
Mushroom Forest,Exlian Staff
Mushroom Forest,Nanominer
Mushroom Forest,Localised Attractor
Mushroom Forest,RD9000 Excavator
Mushroom Forest,Advanced TD
Mushroom Forest,Quark Separator
Mushroom Forest,Causian Attractor
Mushroom Forest,Barrel Digger
Mushroom Forest,Large Explosive
Mushroom Forest,Artunian Shovel
Mushroom Forest,Glavor Disc
Mushroom Forest,Processing Ring
Mushroom Forest,Large Capacitor
Mushroom Forest,Draxos Axe
Mushroom Forest,Power Saw
Mushroom Forest,ExoGloves
Mushroom Forest,Basic Trilium Detector
Mushroom Forest,Basic Explosive
Mushroom Forest,Infused Extractor
Mushroom Forest,Gasrigged Extractor
Mushroom Forest,Power Extractor
Mushroom Forest,Standard Drill
Icy Mountains,Bananominer
Icy Mountains,Dacalizer
Icy Mountains,Waxtural Processor
Icy Mountains,AI Excavator
Icy Mountains,Lucky Drill
Icy Mountains,Particle Beam Collider
Icy Mountains,Quantum Drill
Icy Mountains,Exlian Staff
Icy Mountains,Nanominer
Icy Mountains,Localised Attractor
Icy Mountains,RD9000 Excavator
Icy Mountains,Advanced TD
Icy Mountains,Quark Separator
Icy Mountains,Causian Attractor
Icy Mountains,Barrel Digger
Icy Mountains,Large Explosive
Icy Mountains,Artunian Shovel
Icy Mountains,Glavor Disc
Icy Mountains,Processing Ring
Icy Mountains,Large Capacitor
Icy Mountains,Draxos Axe
Icy Mountains,Power Saw
Icy Mountains,ExoGloves
Icy Mountains,Basic Trilium Detector
Icy Mountains,Basic Explosive
Icy Mountains,Infused Extractor
Icy Mountains,Gasrigged Extractor
Icy Mountains,Power Extractor
Icy Mountains,Standard Drill
Icy Desert,Bananominer
Icy Desert,Dacalizer
Icy Desert,Waxtural Processor
Icy Desert,AI Excavator
Icy Desert,Lucky Drill
Icy Desert,Particle Beam Collider
Icy Desert,Quantum Drill
Icy Desert,Exlian Staff
Icy Desert,Nanominer
Icy Desert,Localised Attractor
Icy Desert,RD9000 Excavator
Icy Desert,Advanced TD
Icy Desert,Quark Separator
Icy Desert,Causian Attractor
Icy Desert,Barrel Digger
Icy Desert,Large Explosive
Icy Desert,Artunian Shovel
Icy Desert,Glavor Disc
Icy Desert,Processing Ring
Icy Desert,Large Capacitor
Icy Desert,Draxos Axe
Icy Desert,Power Saw
Icy Desert,ExoGloves
Icy Desert,Basic Trilium Detector
Icy Desert,Basic Explosive
Icy Desert,Infused Extractor
Icy Desert,Gasrigged Extractor
Icy Desert,Power Extractor
Icy Desert,Standard Drill
Sandy Coastline,Bananominer
Sandy Coastline,Dacalizer
Sandy Coastline,Waxtural Processor
Sandy Coastline,AI Excavator
Sandy Coastline,Lucky Drill
Sandy Coastline,Particle Beam Collider
Sandy Coastline,Quantum Drill
Sandy Coastline,Exlian Staff
Sandy Coastline,Nanominer
Sandy Coastline,Localised Attractor
Sandy Coastline,RD9000 Excavator
Sandy Coastline,Advanced TD
Sandy Coastline,Quark Separator
Sandy Coastline,Causian Attractor
Sandy Coastline,Barrel Digger
Sandy Coastline,Large Explosive
Sandy Coastline,Artunian Shovel
Sandy Coastline,Glavor Disc
Sandy Coastline,Processing Ring
Sandy Coastline,Large Capacitor
Sandy Coastline,Draxos Axe
Sandy Coastline,Power Saw
Sandy Coastline,ExoGloves
Sandy Coastline,Basic Trilium Detector
Sandy Coastline,Basic Explosive
Sandy Coastline,Infused Extractor
Sandy Coastline,Gasrigged Extractor
Sandy Coastline,Power Extractor
Sandy Coastline,Standard Drill
Inland River,Bananominer
Inland River,Dacalizer
Inland River,Waxtural Processor
Inland River,AI Excavator
Inland River,Lucky Drill
Inland River,Particle Beam Collider
Inland River,Quantum Drill
Inland River,Exlian Staff
Inland River,Nanominer
Inland River,Localised Attractor
Inland River,RD9000 Excavator
Inland River,Advanced TD
Inland River,Quark Separator
Inland River,Causian Attractor
Inland River,Barrel Digger
Inland River,Large Explosive
Inland River,Artunian Shovel
Inland River,Glavor Disc
Inland River,Processing Ring
Inland River,Large Capacitor
Inland River,Draxos Axe
Inland River,Power Saw
Inland River,ExoGloves
Inland River,Basic Trilium Detector
Inland River,Basic Explosive
Inland River,Infused Extractor
Inland River,Gasrigged Extractor
Inland River,Power Extractor
Inland River,Standard Drill
Geothermal Springs,Bananominer
Geothermal Springs,Dacalizer
Geothermal Springs,Waxtural Processor
Geothermal Springs,AI Excavator
Geothermal Springs,Lucky Drill
Geothermal Springs,Particle Beam Collider
Geothermal Springs,Quantum Drill
Geothermal Springs,Exlian Staff
Geothermal Springs,Nanominer
Geothermal Springs,Localised Attractor
Geothermal Springs,RD9000 Excavator
Geothermal Springs,Advanced TD
Geothermal Springs,Quark Separator
Geothermal Springs,Causian Attractor
Geothermal Springs,Barrel Digger
Geothermal Springs,Large Explosive
Geothermal Springs,Artunian Shovel
Geothermal Springs,Glavor Disc
Geothermal Springs,Processing Ring
Geothermal Springs,Large Capacitor
Geothermal Springs,Draxos Axe
Geothermal Springs,Power Saw
Geothermal Springs,ExoGloves
Geothermal Springs,Basic Trilium Detector
Geothermal Springs,Basic Explosive
Geothermal Springs,Infused Extractor
Geothermal Springs,Gasrigged Extractor
Geothermal Springs,Power Extractor
Geothermal Springs,Standard Drill
Dunes,Bananominer
Dunes,Dacalizer
Dunes,Waxtural Processor
Dunes,AI Excavator
Dunes,Lucky Drill
Dunes,Particle Beam Collider
Dunes,Quantum Drill
Dunes,Exlian Staff
Dunes,Nanominer
Dunes,Localised Attractor
Dunes,RD9000 Excavator
Dunes,Advanced TD
Dunes,Quark Separator
Dunes,Causian Attractor
Dunes,Barrel Digger
Dunes,Large Explosive
Dunes,Artunian Shovel
Dunes,Glavor Disc
Dunes,Processing Ring
Dunes,Large Capacitor
Dunes,Draxos Axe
Dunes,Power Saw
Dunes,ExoGloves
Dunes,Basic Trilium Detector
Dunes,Basic Explosive
Dunes,Infused Extractor
Dunes,Gasrigged Extractor
Dunes,Power Extractor
Dunes,Standard Drill
Tree Forest,Bananominer
Tree Forest,Dacalizer
Tree Forest,Waxtural Processor
Tree Forest,AI Excavator
Tree Forest,Lucky Drill
Tree Forest,Particle Beam Collider
Tree Forest,Quantum Drill
Tree Forest,Exlian Staff
Tree Forest,Nanominer
Tree Forest,Localised Attractor
Tree Forest,RD9000 Excavator
Tree Forest,Advanced TD
Tree Forest,Quark Separator
Tree Forest,Causian Attractor
Tree Forest,Barrel Digger
Tree Forest,Large Explosive
Tree Forest,Artunian Shovel
Tree Forest,Glavor Disc
Tree Forest,Processing Ring
Tree Forest,Large Capacitor
Tree Forest,Draxos Axe
Tree Forest,Power Saw
Tree Forest,ExoGloves
Tree Forest,Basic Trilium Detector
Tree Forest,Basic Explosive
Tree Forest,Infused Extractor
Tree Forest,Gasrigged Extractor
Tree Forest,Power Extractor
Tree Forest,Standard Drill
Sandy Desert,Bananominer
Sandy Desert,Dacalizer
Sandy Desert,Waxtural Processor
Sandy Desert,AI Excavator
Sandy Desert,Lucky Drill
Sandy Desert,Particle Beam Collider
Sandy Desert,Quantum Drill
Sandy Desert,Exlian Staff
Sandy Desert,Nanominer
Sandy Desert,Localised Attractor
Sandy Desert,RD9000 Excavator
Sandy Desert,Advanced TD
Sandy Desert,Quark Separator
Sandy Desert,Causian Attractor
Sandy Desert,Barrel Digger
Sandy Desert,Large Explosive
Sandy Desert,Artunian Shovel
Sandy Desert,Glavor Disc
Sandy Desert,Processing Ring
Sandy Desert,Large Capacitor
Sandy Desert,Draxos Axe
Sandy Desert,Power Saw
Sandy Desert,ExoGloves
Sandy Desert,Basic Trilium Detector
Sandy Desert,Basic Explosive
Sandy Desert,Infused Extractor
Sandy Desert,Gasrigged Extractor
Sandy Desert,Power Extractor
Sandy Desert,Standard Drill
 Rocky Crater,Bananominer
 Rocky Crater,Dacalizer
 Rocky Crater,Waxtural Processor
 Rocky Crater,AI Excavator
 Rocky Crater,Lucky Drill
 Rocky Crater,Particle Beam Collider
 Rocky Crater,Quantum Drill
 Rocky Crater,Exlian Staff
 Rocky Crater,Nanominer
 Rocky Crater,Localised Attractor
 Rocky Crater,RD9000 Excavator
 Rocky Crater,Advanced TD
 Rocky Crater,Quark Separator
 Rocky Crater,Causian Attractor
 Rocky Crater,Barrel Digger
 Rocky Crater,Large Explosive
 Rocky Crater,Artunian Shovel
 Rocky Crater,Glavor Disc
 Rocky Crater,Processing Ring
 Rocky Crater,Large Capacitor
 Rocky Crater,Draxos Axe
 Rocky Crater,Power Saw
 Rocky Crater,ExoGloves
 Rocky Crater,Basic Trilium Detector
 Rocky Crater,Basic Explosive
 Rocky Crater,Infused Extractor
 Rocky Crater,Gasrigged Extractor
 Rocky Crater,Power Extractor
 Rocky Crater,Standard Drill
Grass Coastline,Bananominer
Grass Coastline,Dacalizer
Grass Coastline,Waxtural Processor
Grass Coastline,AI Excavator
Grass Coastline,Lucky Drill
Grass Coastline,Particle Beam Collider
Grass Coastline,Quantum Drill
Grass Coastline,Exlian Staff
Grass Coastline,Nanominer
Grass Coastline,Localised Attractor
Grass Coastline,RD9000 Excavator
Grass Coastline,Advanced TD
Grass Coastline,Quark Separator
Grass Coastline,Causian Attractor
Grass Coastline,Barrel Digger
Grass Coastline,Large Explosive
Grass Coastline,Artunian Shovel
Grass Coastline,Glavor Disc
Grass Coastline,Processing Ring
Grass Coastline,Large Capacitor
Grass Coastline,Draxos Axe
Grass Coastline,Power Saw
Grass Coastline,ExoGloves
Grass Coastline,Basic Trilium Detector
Grass Coastline,Basic Explosive
Grass Coastline,Infused Extractor
Grass Coastline,Gasrigged Extractor
Grass Coastline,Power Extractor
Grass Coastline,Standard Drill
Grassland,Bananominer
Grassland,Dacalizer
Grassland,Waxtural Processor
Grassland,AI Excavator
Grassland,Lucky Drill
Grassland,Particle Beam Collider
Grassland,Quantum Drill
Grassland,Exlian Staff
Grassland,Nanominer
Grassland,Localised Attractor
Grassland,RD9000 Excavator
Grassland,Advanced TD
Grassland,Quark Separator
Grassland,Causian Attractor
Grassland,Barrel Digger
Grassland,Large Explosive
Grassland,Artunian Shovel
Grassland,Glavor Disc
Grassland,Processing Ring
Grassland,Large Capacitor
Grassland,Draxos Axe
Grassland,Power Saw
Grassland,ExoGloves
Grassland,Basic Trilium Detector
Grassland,Basic Explosive
Grassland,Infused Extractor
Grassland,Gasrigged Extractor
Grassland,Power Extractor
Grassland,Standard Drill
Plains,Bananominer
Plains,Dacalizer
Plains,Waxtural Processor
Plains,AI Excavator
Plains,Lucky Drill
Plains,Particle Beam Collider
Plains,Quantum Drill
Plains,Exlian Staff
Plains,Nanominer
Plains,Localised Attractor
Plains,RD9000 Excavator
Plains,Advanced TD
Plains,Quark Separator
Plains,Causian Attractor
Plains,Barrel Digger
Plains,Large Explosive
Plains,Artunian Shovel
Plains,Glavor Disc
Plains,Processing Ring
Plains,Large Capacitor
Plains,Draxos Axe
Plains,Power Saw
Plains,ExoGloves
Plains,Basic Trilium Detector
Plains,Basic Explosive
Plains,Infused Extractor
Plains,Gasrigged Extractor
Plains,Power Extractor
Plains,Standard Drill
